Fixture,Metric,Reference Value,JavaScript Value,Absolute Error,Relative Error,Pass / Fail
"uncensored_weibull","beta","1.552532505818011","1.552532513699771","7.881759911398944e-9","5.0767116835638415e-9","Pass"
"uncensored_weibull","eta","767.637752138295","767.6377531527963","0.0000010145013220608234","1.3215886259304952e-9","Pass"
"uncensored_weibull","logLikelihood","-59.323873872003496","-59.323873872003475","2.1316282072803006e-14","3.593204671494442e-16","Pass"
"uncensored_weibull","b1","39.659118646623824","39.65911929560051","6.489766875006353e-7","1.6363870646829985e-8","Pass"
"uncensored_weibull","b5","113.3169499245785","113.31695117491704","0.0000012503385420359336","1.1033993968846973e-8","Pass"
"uncensored_weibull","b10","180.15837546915276","180.15837703296148","0.0000015638087234037812","8.680188857894875e-9","Pass"
"uncensored_weibull","b50","606.2204579618025","606.2204594895201","0.0000015277175862138392","2.520069334760226e-9","Pass"
"uncensored_weibull","missionReliability","0.598114981999254","0.5981149836687599","1.669505977908159e-9","2.791279316106884e-9","Pass"
"uncensored_weibull","missionFailureProbability","0.40188501800074605","0.4018850163312401","1.669505977908159e-9","4.1541881461852845e-9","Pass"
"right_censored_weibull","beta","1.0448396851413617","1.0448397293710514","4.4229689688535245e-8","4.23315560439793e-8","Pass"
"right_censored_weibull","eta","1177.7896896520526","1177.7896816566483","0.000007995404303073883","6.788482165636819e-9","Pass"
"right_censored_weibull","logLikelihood","-48.46582453651309","-48.465824536513075","1.4210854715202004e-14","2.93213926536953e-16","Pass"
"right_censored_weibull","b1","14.420671689195458","14.42067427894659","0.0000025897511317651833","1.7958602675252137e-7","Pass"
"right_censored_weibull","b5","68.6256660517645","68.6256738441147","0.000007792350203317255","1.1354862767290984e-7","Pass"
"right_censored_weibull","b10","136.67458975974532","136.6746012930146","0.000011533269287156145","8.438488315516446e-8","Pass"
"right_censored_weibull","b50","829.3240196463173","829.3240263312865","0.000006684969207526592","8.06074471396299e-9","Pass"
"right_censored_weibull","missionReliability","0.6646305618797783","0.6646305702432053","8.363426950985797e-9","1.2583572635196718e-8","Pass"
"right_censored_weibull","missionFailureProbability","0.3353694381202217","0.33536942975679473","8.363426950985797e-9","2.4937952002614247e-8","Pass"
"beta_lt_1_early_life","beta","0.5385089178656887","0.5385089270333538","9.167665182552298e-9","1.7024165948610783e-8","Pass"
"beta_lt_1_early_life","eta","171.7483188700505","171.74832123810222","0.000002368051724488396","1.3787917925881586e-8","Pass"
"beta_lt_1_early_life","logLikelihood","-50.25411841787613","-50.25411841787614","1.4210854715202004e-14","2.8277990267454366e-16","Pass"
"beta_lt_1_early_life","b1","0.03349522162163972","0.03349522695457696","5.332937244584279e-9","1.5921486667038246e-7","Pass"
"beta_lt_1_early_life","b5","0.6910373327192876","0.6910374071345189","7.44152313103541e-8","1.0768626785693932e-7","Pass"
"beta_lt_1_early_life","b10","2.6304218602586373","2.630422083660279","2.2340164163026088e-7","8.492996694009181e-8","Pass"
"beta_lt_1_early_life","b50","86.95782031582239","86.95782252234959","0.000002206527199177799","2.537468385435497e-8","Pass"
"beta_lt_1_early_life","missionReliability","0.47363281420704384","0.4736328185902094","4.38316555273488e-9","9.254353628502655e-9","Pass"
"beta_lt_1_early_life","missionFailureProbability","0.5263671857929562","0.5263671814097906","4.383165608246031e-9","8.327201479406292e-9","Pass"
"beta_approx_1_random","beta","0.9114636649173841","0.9114636795118712","1.4594487174335313e-8","1.601214369380064e-8","Pass"
"beta_approx_1_random","eta","608.8627148853135","608.8627192703426","0.000004385029114928329","7.201999741032429e-9","Pass"
"beta_approx_1_random","logLikelihood","-59.57585695231904","-59.57585695231903","1.4210854715202004e-14","2.385337860364396e-16","Pass"
"beta_approx_1_random","b1","3.914162836275627","3.9141631807812693","3.445056422357595e-7","8.801515334082543e-8","Pass"
"beta_approx_1_random","b5","23.403448311003295","23.403449700721694","0.0000013897183990252415","5.938092457818943e-8","Pass"
"beta_approx_1_random","b10","51.55415550023049","51.55415790963162","0.00000240940112661292","4.6735342732985855e-8","Pass"
"beta_approx_1_random","b50","407.27072425982146","407.2707298152865","0.000005555465008910687","1.364071777810019e-8","Pass"
"beta_approx_1_random","missionReliability","0.3212378399082929","0.3212378415602817","1.6519887680033207e-9","5.142572146777388e-9","Pass"
"beta_approx_1_random","missionFailureProbability","0.6787621600917071","0.6787621584397183","1.6519887680033207e-9","2.4338256684493457e-9","Pass"
"beta_gt_1_wearout","beta","5.415759718692387","5.41575969454425","2.414813682349859e-8","4.458864144240332e-9","Pass"
"beta_gt_1_wearout","eta","1229.281643259435","1229.2816428222504","4.37184553447878e-7","3.556423020266414e-10","Pass"
"beta_gt_1_wearout","logLikelihood","-55.10417177804791","-55.104171778047906","7.105427357601002e-15","1.2894536163651446e-16","Pass"
"beta_gt_1_wearout","b1","525.7283888683319","525.7283866902371","0.0000021780947463412303","4.143003863705622e-9","Pass"
"beta_gt_1_wearout","b5","710.3442285169044","710.3442265272004","0.000001989704060179065","2.801042058627376e-9","Pass"
"beta_gt_1_wearout","b10","811.3205628661383","811.3205610744193","0.0000017917190007210593","2.208398360312087e-9","Pass"
"beta_gt_1_wearout","b50","1148.8422702755659","1148.8422695203203","7.552455372206168e-7","6.573970655166271e-10","Pass"
"beta_gt_1_wearout","missionReliability","0.41577995005091317","0.4157799491356836","9.152295588066295e-10","2.2012354340187824e-9","Pass"
"beta_gt_1_wearout","missionFailureProbability","0.5842200499490868","0.5842200508643164","9.152295588066295e-10","1.5665836167149506e-9","Pass"
"one_failure_mixed","beta","0.7267361975409585","0.7267362245482216","2.7007263092571065e-8","3.7162402511330736e-8","Pass"
"one_failure_mixed","eta","5736.910619626193","5736.910174959549","0.00044466664348874474","7.750977363452778e-8","Pass"
"one_failure_mixed","logLikelihood","-9.027905284752949","-9.027905284752949","0","0","Pass"
"one_failure_mixed","b1","10.224647322552228","10.224648935220275","0.0000016126680471018062","1.577235865676059e-7","Pass"
"one_failure_mixed","b5","96.31677864860148","96.3167858120856","0.0000071634841134482485","7.437420783748629e-8","Pass"
"one_failure_mixed","b10","259.3391448565116","259.33915459860384","0.000009742092231590505","3.7565066534713285e-8","Pass"
"one_failure_mixed","b50","3464.5873113428456","3464.587107736808","0.0002036060377577087","5.8767760619313893e-8","Pass"
"one_failure_mixed","missionReliability","0.843855308846349","0.8438553102174509","1.3711018986839463e-9","1.624806864767381e-9","Pass"
"one_failure_mixed","missionFailureProbability","0.15614469115365104","0.15614468978254914","1.3711018986839463e-9","8.780970320244453e-9","Pass"
"three_failures_mixed","beta","1.2660251848141353","1.2660251911976954","6.38356012494512e-9","5.042206270076917e-9","Pass"
"three_failures_mixed","eta","1598.6159753321267","1598.6159720304245","0.0000033017022360581905","2.065350457524505e-9","Pass"
"three_failures_mixed","logLikelihood","-25.38031447585414","-25.38031447585414","0","0","Pass"
"three_failures_mixed","b1","42.2395344309656","42.23953511759845","6.866328519095077e-7","1.6255691762694725e-8","Pass"
"three_failures_mixed","b5","153.05761213228095","153.0576136267453","0.0000014944643567105231","9.764064236275445e-9","Pass"
"three_failures_mixed","b10","270.2608343972982","270.2608362613415","0.0000018640433268046763","6.897201109297364e-9","Pass"
"three_failures_mixed","b50","1196.785630956992","1196.785630232174","7.248179372254526e-7","6.056372323302902e-10","Pass"
"three_failures_mixed","missionReliability","0.7036206509573203","0.7036206516144474","6.571271304878223e-10","9.339224617608357e-10","Pass"
"three_failures_mixed","missionFailureProbability","0.2963793490426797","0.2963793483855526","6.571271304878223e-10","2.217182582424775e-9","Pass"
"all_failure","beta","2.174053225691548","2.174053279260262","5.356871390915785e-8","2.4640019515675885e-8","Pass"
"all_failure","eta","986.792545161667","986.7925499406219","0.000004778954917128431","4.842917531714318e-9","Pass"
"all_failure","logLikelihood","-51.98997842869643","-51.989978428696425","7.105427357601002e-15","1.3666917302814429e-16","Pass"
"all_failure","b1","118.92911330867402","118.92912008519883","0.000006776524813290052","5.697952860122611e-8","Pass"
"all_failure","b5","251.70508722819346","251.70509692038834","0.000009692194879562521","3.8506154111917765e-8","Pass"
"all_failure","b10","350.4989135825185","350.49892421940916","0.00001063689063585116","3.034785622337428e-8","Pass"
"all_failure","b50","833.7009439099852","833.7009514106733","0.00000750068807064963","8.996856877085989e-9","Pass"
"all_failure","missionReliability","0.44104675560421897","0.44104676118614583","5.5819268651724485e-9","1.2656088712239589e-8","Pass"
"all_failure","missionFailureProbability","0.558953244395781","0.5589532388138542","5.581926809661297e-9","9.986393076034949e-9","Pass"
"all_censored","zero_failure","zero_failure","Pass","","","Pass"
"identical_times","identical_times","identical_times","Pass","","","Pass"
"large_time_scale","beta","1.025548302001591","1.02554833115828","2.9156689063114527e-8","2.843034209720655e-8","Pass"
"large_time_scale","eta","9580606.16060395","9580606.140328657","0.020275292918086052","2.116284980115279e-9","Pass"
"large_time_scale","logLikelihood","-85.38418811006034","-85.38418811006031","2.842170943040401e-14","3.328685329158179e-16","Pass"
"large_time_scale","b1","107979.90313289134","107979.9166745937","0.013541702355723828","1.2540946938114952e-7","Pass"
"large_time_scale","b5","529161.6395275652","529161.6819788886","0.042451323359273374","8.022373541130808e-8","Pass"
"large_time_scale","b10","1067622.6369558128","1067622.7012999349","0.06434412207454443","6.026860039050252e-8","Pass"
"large_time_scale","b50","6701681.44338751","6701681.497297303","0.05390979256480932","8.044218905391518e-9","Pass"
"large_time_scale","missionReliability","0.4844175926232059","0.48441759507392085","2.4507149642971626e-9","5.059095709191966e-9","Pass"
"large_time_scale","missionFailureProbability","0.5155824073767941","0.5155824049260791","2.4507149642971626e-9","4.7532943894770045e-9","Pass"
"small_time_scale","beta","1.160175653273421","1.1601756772959562","2.4022535072276696e-8","2.070594655602142e-8","Pass"
"small_time_scale","eta","0.009134150768008723","0.009134150766295259","1.7134644397787113e-12","1.8758880637047472e-10","Pass"
"small_time_scale","logLikelihood","22.228762737515247","22.228762737515257","1.0658141036401503e-14","4.794752259609066e-16","Pass"
"small_time_scale","b1","0.00017324902713014855","0.0001732490413213978","1.4191249249947274e-11","8.191243255459374e-8","Pass"
"small_time_scale","b5","0.0007060245580968937","0.0007060245953906871","3.7293793487408466e-11","5.2822232682578055e-8","Pass"
"small_time_scale","b10","0.0013130361183345727","0.0013130361708235626","5.24889899339992e-11","3.997528263013444e-8","Pass"
"small_time_scale","b50","0.0066599277993725035","0.0066599278416874155","4.2314911991025994e-11","6.3536592686504635e-9","Pass"
"small_time_scale","missionReliability","0.6813600459036594","0.681360051032174","5.128514612984247e-9","7.526878988307148e-9","Pass"
"small_time_scale","missionFailureProbability","0.3186399540963406","0.318639948967826","5.128514612984247e-9","1.6095014285100117e-8","Pass"
"invalid_time","invalid_time","invalid_time","Pass","","","Pass"
"invalid_status","invalid_status","invalid_status","Pass","","","Pass"
"larger_sample_mixed","beta","0.9661465614192849","0.9661465696450251","8.225740200096254e-9","8.513967268084575e-9","Pass"
"larger_sample_mixed","eta","2522.6069500484177","2522.6069433727343","0.000006675683380308328","2.646343054029958e-9","Pass"
"larger_sample_mixed","logLikelihood","-105.86310940587937","-105.8631094058794","2.842170943040401e-14","2.6847604977702965e-16","Pass"
"larger_sample_mixed","b1","21.578798858120727","21.578799675774306","8.176535786219574e-7","3.789152417602014e-8","Pass"
"larger_sample_mixed","b5","116.60338390884276","116.6033866522744","0.000002743431636531568","2.35278903970429e-8","Pass"
"larger_sample_mixed","b10","245.63058888333495","245.63059310438734","0.000004221052392949787","1.7184555116442048e-8","Pass"
"larger_sample_mixed","b50","1726.2259009187017","1726.225901925914","0.0000010072124041471398","5.834765911061228e-10","Pass"
"larger_sample_mixed","missionReliability","0.6642947785382733","0.6642947799116521","1.3733787440628475e-9","2.0674236625566375e-9","Pass"
"larger_sample_mixed","missionFailureProbability","0.33570522146172666","0.3357052200883479","1.3733787440628475e-9","4.091025865141108e-9","Pass"
